timestamp,pm25,pm10,no2,temperature,humidity,wind_speed,wind_direction,pm25_next_hour
2026-01-01 00:00:00,106.14422733489337,186.65774135341655,30.36462217224816,30.38163570272436,49.39381260547483,16.72285952001976,242.1730779152033,90.4518539688262
2026-01-01 01:00:00,238.6642904742807,388.7547956886245,69.6091042116194,29.58363755259462,48.58383394895999,15.526028098439635,286.805302988894,195.82744946355407
2026-01-01 02:00:00,188.35860661662318,272.6720803503938,106.0240419464049,20.512841316128714,84.84400192865701,11.897050077655893,90.16844356529963,171.53281233522836
2026-01-01 03:00:00,157.69145136531841,291.8925558555474,90.54473750505173,26.824956552523126,48.725040991722835,19.16489572862673,224.9546758585196,141.9818940911864
2026-01-01 04:00:00,55.8842873017604,97.67371561929029,98.72172626475947,27.60391237571714,49.9572349370747,4.809015795039652,205.82855393174952,64.30775732905693
2026-01-01 05:00:00,55.87873967732661,74.32395130941336,82.46617033817891,27.976455617938008,76.76690443298801,3.076019995882807,299.8189356437776,69.07171946513665
2026-01-01 06:00:00,33.35923079868588,64.34134110908481,86.15042209696377,31.603447384546648,59.7356913347797,17.22527737215302,326.1913417732538,26.485607969313318
2026-01-01 07:00:00,219.2205135282351,407.31824566565473,103.41152167218512,30.67205093453757,77.71908063253497,9.343846516041218,4.376437731859251,205.75676513226514
2026-01-01 08:00:00,158.256452700938,310.15731528371634,37.46348097451045,32.15810185586889,38.59513866604119,17.09240822993415,242.64717086116536,129.3365997127747
2026-01-01 09:00:00,182.85669289309047,325.5901668892245,63.83674600074545,35.29766523084257,61.81641565203614,17.968713898712885,18.660887683102448,149.2405612043556
2026-01-01 10:00:00,24.734433688034564,41.819302415326696,34.33303860015624,36.25971477432187,36.84874801008054,2.1866942787623573,197.58911942784812,27.734739739156105
2026-01-01 11:00:00,243.0792659972587,373.0280874127012,118.64348087963117,34.36246152452989,38.445926190044496,17.78583049673515,103.54778245572416,192.5963614612015
2026-01-01 12:00:00,211.461807384097,411.5433295718502,113.84652736552746,39.110473919098695,84.85405993394261,9.51806205201902,110.43957582797083,201.28955800364594
2026-01-01 13:00:00,68.83799545600351,130.30007621923448,14.33694925053565,20.364651653527233,42.65849541146773,10.698217291080413,127.06506124284837,53.81315819575706
2026-01-01 14:00:00,61.81974245763314,76.4200161813528,87.61326897672573,23.915559713670923,64.28313752513694,12.905257710770995,223.66528165785965,54.60194824161504
2026-01-01 15:00:00,62.18303726628978,75.93130756575728,111.77731491572324,20.151257499562842,57.61025814303886,18.601269527871647,120.25798764075691,50.68536408938134
2026-01-01 16:00:00,89.97571588069367,135.0689078069994,29.863287964006688,32.94949428309206,54.10388294423635,1.3632057941655167,263.77165821250094,85.15759934364762
2026-01-01 17:00:00,140.6939792754147,260.0647539486077,72.47397536078924,37.96061097899974,84.49083401279998,10.060025898038525,145.6298588065931,137.96707947593313
2026-01-01 18:00:00,119.34735428768663,237.47986033332523,110.7037127346846,24.869645931525987,36.200286822651925,14.066718806180653,24.6071521115851,118.22503748623922
2026-01-01 19:00:00,86.98270224554965,114.84617681590713,13.734057644437872,38.54069089592613,71.5084327396574,14.73143219626634,282.1535432942786,60.230830784824676
2026-01-01 20:00:00,160.72616578614728,269.2652804268404,86.71622939715239,21.205347805791217,87.98669388174528,14.158116199205052,102.87299685337416,136.37393362189204
2026-01-01 21:00:00,52.08358794996962,78.3708354845084,42.70839081098058,38.68872053611028,65.8092500904013,3.5542674587543153,155.79607665573454,46.93500231237854
2026-01-01 22:00:00,87.19326916310017,172.28792871877212,111.68358149141834,27.03245374479269,86.52523541182005,6.688516179061944,246.75979795988454,95.15765615331978
2026-01-01 23:00:00,104.26322395754909,195.35749585448968,116.81640696819045,22.02841656898433,37.87418336073131,7.815594982923256,119.68421657353633,102.22349910224395
2026-01-02 00:00:00,124.89609636991827,233.63850179851875,113.86931380247773,29.717435183726515,58.033632549078874,16.284306945910593,20.370836212817625,109.30338794433025
2026-01-02 01:00:00,200.59047112039312,315.9208707318148,62.16356383232102,25.13553135441016,49.30867850291281,6.296437575876507,134.6115769246129,167.0904886613074
2026-01-02 02:00:00,65.92496989642274,100.987534438955,104.82469160882448,25.697458039238455,75.19515307394013,5.003394313476861,340.0014897699492,72.31967147179834
2026-01-02 03:00:00,138.27392083513067,196.17275925808588,102.90043383885774,26.14579929852573,88.97133997734856,19.191512361723827,231.02438302748095,120.62114385307939
2026-01-02 04:00:00,156.25535083826978,194.5535994122216,45.10105205675812,36.06051795665327,49.10915343443363,1.168402417155909,241.73249352019448,142.40209362411815
2026-01-02 05:00:00,30.68359492559948,58.04654680360888,101.18070215657451,30.78322553350509,70.97960308107409,19.958596257957584,227.62157530955034,24.324268169304347
2026-01-02 06:00:00,159.73531593733082,295.5615787401314,14.070839818704188,26.22615398312007,45.895369801785705,13.859604678290516,71.63717002539724,128.3547680600582
2026-01-02 07:00:00,59.220548448077054,118.4277212618846,75.58968663302583,32.206675666218366,66.09316400143854,16.740916689533222,150.60019107682083,46.454424139627534
2026-01-02 08:00:00,34.96186638661429,69.82966681094175,35.30097210164733,34.32301348446387,60.51628676785849,6.59776853057767,270.3383274107946,37.30852639934675
2026-01-02 09:00:00,238.24367356826664,391.7548802491663,23.262357435500668,25.452480014670677,88.46029312973454,1.2719902756741397,36.494243119137295,210.31355362972306
2026-01-02 10:00:00,242.09536760714866,439.4490738992958,18.464852179213008,28.270982030507028,68.46899999830566,15.019520852669071,100.02699939229642,209.69755312191668
2026-01-02 11:00:00,205.93139006678607,402.76320411386337,86.59176534659537,22.43772186673895,54.222850464775036,16.84874734301284,99.4748790477073,168.8037516616918
2026-01-02 12:00:00,90.06116690987525,169.28958866492098,47.38624601448728,23.622986990693605,41.275268168836334,15.069046507116864,155.52681393402216,71.19384307054803
2026-01-02 13:00:00,42.464586221468295,59.36033130031438,89.72434486816375,33.622357079299654,43.3185755804214,3.7141554587159336,352.9327467391866,52.6335310303547
2026-01-02 14:00:00,177.37359609779608,276.780022101934,17.18919748788366,23.62876695391254,47.39243114731793,15.315130522882413,24.3009168061759,141.2862039142009
2026-01-02 15:00:00,121.2350735601083,158.0090092296276,44.68193716136714,30.503267673341202,48.803166373716394,15.609532860045178,186.7323579770142,114.599474331678
2026-01-02 16:00:00,48.06879401429913,94.37061866390296,69.34404216128709,34.18092523444865,81.78388318126258,13.512269797731044,64.57128552439576,51.82205558961125
2026-01-02 17:00:00,133.89068932559215,225.5977389173643,96.97954813228598,22.137538461894877,65.86725335553888,15.556202723116138,349.44355634750787,111.82781691241689
2026-01-02 18:00:00,27.90935985650023,38.596251297717025,45.06277532252769,31.346244392578072,63.78650012559015,17.07250735387691,40.78926170188711,17.849302578303995
2026-01-02 19:00:00,229.14369247811987,398.1052110256145,78.848051408071,25.131255674027276,41.31228795280696,12.65847817051171,145.29636085017285,185.33993186563768
2026-01-02 20:00:00,79.51939576800389,134.7458222722857,107.45755230598058,39.2585375047516,82.30768313421892,2.683489565423902,265.6385945404582,92.45690576502396
2026-01-02 21:00:00,172.38012540141585,256.24825788058945,77.74495070005351,29.670912934398494,74.75478667646661,10.264928383677006,253.6395940898803,146.68947054665057
2026-01-02 22:00:00,91.69354750056452,118.36225578020256,35.62554222289971,36.119850995503164,38.72175990450009,2.475337358760496,152.1823092818156,89.30908926206992
2026-01-02 23:00:00,139.6156448708965,242.54847366963372,12.684085971219183,31.004530843125234,73.93093034763729,8.743317589616186,124.74870046297856,117.95993514996356
2026-01-03 00:00:00,145.74336424895432,235.55715291823122,105.71087612910229,20.868250657096382,64.89460195384554,8.735023293386925,143.1404562790334,137.17471154602399
2026-01-03 01:00:00,62.51652477087122,113.64595921939788,12.339635193542584,32.66302751188044,39.494894016072806,2.25418703866459,95.13945473711014,54.25894841120361
2026-01-03 02:00:00,243.00446438584848,392.7269996476483,106.21718399526193,39.028066844133136,60.206535284076104,7.627590145420107,73.91985793444793,234.80140234074253
2026-01-03 03:00:00,198.28054937305635,373.11347208664,68.18308474299332,32.03223640292663,61.658295792152586,3.1089638770349817,173.89429112120038,186.83148204177004
2026-01-03 04:00:00,236.0847565597635,387.5391412123106,113.29744683641857,36.3837771885358,44.117599708980165,16.356468990175223,96.67215218433864,218.6047392507567
2026-01-03 05:00:00,225.81029059835922,372.30480180607884,97.8661559351032,37.68412926696816,87.01339808501552,19.006072493324943,103.48619936301004,202.891125313637
2026-01-03 06:00:00,157.51699512654957,299.4906671579448,119.77275215866712,24.56159543897865,81.74864543143642,2.3740130299008335,236.43218285084055,169.5608547125282
2026-01-03 07:00:00,232.03107405531688,353.3337391145244,48.57829969968812,24.240896798164535,71.79622855310096,19.147188938542328,348.67343941196117,191.2496645199066
2026-01-03 08:00:00,40.35327547194149,52.750293311212886,94.39071178242396,32.21961977701984,60.426255855033396,10.928955387398158,217.30939220137503,45.817841320578346
2026-01-03 09:00:00,65.0760583564034,79.58972052642032,54.21240049701664,28.220569396134096,57.64710478714797,6.691747881123604,27.71260814338786,45.17765209534412
2026-01-03 10:00:00,30.402276449423756,54.84904502270735,62.786318233429974,36.797226057334406,70.80354069330248,2.460379430247107,27.210100987464113,41.198321464357605
2026-01-03 11:00:00,94.8259760755508,160.8483382315244,79.0256009540207,38.00046246796022,64.9987528173798,10.511861093337938,342.5123595044038,96.68936856007005
2026-01-03 12:00:00,109.39577662858086,192.89361438604558,106.10448256049726,27.068427586054362,38.42502082350371,16.095795345324227,107.0246845106401,96.22778216032127
2026-01-03 13:00:00,82.41027730799607,112.93268125488665,118.24918161192247,24.73741117948964,63.18764568236824,14.434643068067265,33.144114989691154,65.77103563881812
2026-01-03 14:00:00,210.60962710494374,275.7084690227969,94.51007552509701,35.61051030487724,79.35219894780617,1.9542942178155016,215.65605137413735,193.2962264058862
2026-01-03 15:00:00,102.05326513952554,123.65138266484672,55.95434603840671,25.49612071096272,60.258193267832695,2.3851348719901666,224.5135601844958,109.37535144006483
2026-01-03 16:00:00,84.61493722809757,125.26988009881482,56.34927025047772,36.45228637027357,37.85761176548476,8.654592370020104,233.46173524272774,83.75274999276921
2026-01-03 17:00:00,144.82009912639717,242.1296692610389,91.13405317477806,28.474765072975256,78.24530096612182,6.610519386910922,96.26473002871487,140.16687252539643
2026-01-03 18:00:00,52.41257174419541,79.34190141705301,36.26548603451326,33.35099798582941,46.075008017478595,5.415302138064909,5.439846317211012,57.053505562358964
2026-01-03 19:00:00,204.50530557342913,316.9791207754548,22.152152444453414,21.910706276693364,49.22414591884213,6.339085479265559,347.4055330036099,171.13342913221476
2026-01-03 20:00:00,37.14664804634729,71.44514949754004,49.00843734048542,32.47718649353146,44.05884943877628,16.26617212264081,90.32149644879689,13.52845294493707
2026-01-03 21:00:00,246.98399541811898,365.19161583903696,41.596289081948996,29.035353574744583,53.16182856793236,18.655333019005223,243.3694636989171,188.7941810421013
2026-01-03 22:00:00,197.61629693823122,318.39771593622544,42.59389325015891,31.732169263509483,76.62133281287493,8.696951196023761,254.38675315633546,186.60737154448952
2026-01-03 23:00:00,65.70460675285966,120.03721852971202,35.696852615490094,23.36028415489727,63.56622227271656,18.216109040517445,219.60267014861486,47.950646342899866
2026-01-04 00:00:00,21.270086938428552,32.271703889938074,14.630250859999807,34.73747489888364,46.26847007828919,7.108418323709757,112.64666191691336,16.355795294062624
2026-01-04 01:00:00,207.55612854461185,352.36167994824615,11.966132820675519,37.25594155086457,83.28065429836224,10.05230274053204,97.59465135506368,177.0204343568054
2026-01-04 02:00:00,182.57718908495193,345.05098043142624,118.64946287096348,24.334796001815512,83.3770020223341,5.2945509585039945,215.16058177297313,199.26489185736378
2026-01-04 03:00:00,187.67164864942708,367.764459074082,57.055044710944856,21.914291110403234,82.88181337753038,13.169044801341036,311.79442810020896,184.31365298557597
2026-01-04 04:00:00,197.39217973776752,260.09553967108405,52.275931187564986,20.47277172092673,48.13379162598466,19.60064118832137,340.8241424124224,168.80731245371086
2026-01-04 05:00:00,37.030269898840785,71.88575575433379,84.76120109623768,32.83943000886532,59.818163929954345,12.466368824824194,38.126089585352744,38.150866605705936
2026-01-04 06:00:00,102.4471175651827,163.26925766450833,34.007927665157055,32.141880721775614,89.17443108774813,7.798467598157428,55.73830053517915,97.66712594223337
2026-01-04 07:00:00,46.64988369077983,65.6175169712902,114.49573023452479,30.9339482542814,77.46068619704947,13.30853147382004,340.1050531619087,38.88661073634748
2026-01-04 08:00:00,218.51378795138652,342.47854016530135,96.49795158571072,24.63894192231951,36.49420816740579,3.3354928908423638,265.1526822005253,210.89309489114024
2026-01-04 09:00:00,163.3585691703383,324.1076583955719,19.835210254348546,27.81811991811029,38.58625251932706,17.884522525042573,317.8777769387183,123.0355449440453
2026-01-04 10:00:00,96.10654571610931,153.20291355605784,55.93388533634212,31.88952670372346,60.51622572467831,10.558595064816892,72.94774828872353,87.38501143367183
2026-01-04 11:00:00,34.618420565785435,50.646793884232245,106.70301383183812,29.93533717718339,85.00711132238581,9.537645098753199,211.53091359938466,37.11251306743541
2026-01-04 12:00:00,91.52593399460231,156.20920462097666,113.92052245205514,39.755710404297744,64.62859888739928,12.131430980616864,252.4102539902905,85.75067806127704
2026-01-04 13:00:00,94.79216406615183,131.96173519537422,61.414166237485674,22.72879505113466,62.37968794188596,12.870893392998646,244.84027876091017,73.87622147335337
2026-01-04 14:00:00,187.80942101775474,236.76958340416022,77.47525281317785,33.902891080951875,40.80105349761468,2.3637403183037478,146.9346087120113,160.53042914928764
2026-01-04 15:00:00,166.63821841169903,217.14689189290746,28.373734070128275,28.086375362085843,71.12290575983617,13.969727203244645,5.542161008871052,128.2203107001625
2026-01-04 16:00:00,224.05893079255512,291.82256796651745,119.02854887506741,28.563992298512296,80.2156738330124,5.596701925995062,209.8533804495347,199.44145390676022
2026-01-04 17:00:00,128.60943278724835,169.96021474587513,35.483887152178774,34.35195531316353,55.92310041291593,14.565100017625205,91.11655410465916,106.89095648907286
2026-01-04 18:00:00,47.50667656580939,62.28418595065231,113.70049515486382,33.84872302648739,77.65865180089301,16.628161093299738,162.0915286114405,38.26461846875806
2026-01-04 19:00:00,184.04630106128886,315.2160622532499,81.46113138916053,39.825119874043764,88.04621596454464,16.275211643497883,344.72916543017425,165.11620270719698
2026-01-04 20:00:00,194.9805611818864,262.34713815742697,76.8510474366745,22.567885789082503,46.2071552520229,11.497518380749893,143.6527143512765,172.6244029119666
2026-01-04 21:00:00,149.09375544098413,220.1419732522509,66.39573621181594,22.082192987683328,63.78312971571077,10.883227953904273,302.3285783991936,125.6893632552465
2026-01-04 22:00:00,197.32245138954903,378.35213160377083,35.373679288953454,34.48677634257482,50.79258769465166,3.7146432654488226,67.8746180697304,176.38586619868076
2026-01-04 23:00:00,133.57298716380987,210.93436226934858,29.418083520605908,31.56773834012818,78.60699304686116,15.731576857659576,242.0857792890104,107.6162373832848
2026-01-05 00:00:00,140.2285507578586,243.16278428542805,34.25348299771929,25.48321333119612,66.76763512346366,6.156778228487573,351.72250359801967,137.53092761773752
2026-01-05 01:00:00,118.33443422246641,158.3144206381062,30.508208835867997,21.588387379779732,69.9020329652667,10.437213033540985,36.681516314257244,100.00485439872381
2026-01-05 02:00:00,25.846399151141895,34.99166196737855,95.75429209234287,21.71316499192861,78.88527877887418,6.401207765622818,2.9951792017891243,35.26393083940205
2026-01-05 03:00:00,44.81502820846002,55.24325640281041,48.51377850834031,37.883817493282365,56.77837599643502,3.5427388969941696,156.08980534774116,51.17250881266388
2026-01-05 04:00:00,27.22871270794888,36.354362688491605,16.3626944219736,23.83734649437486,85.32995376238738,12.961596240942995,33.34517389849219,12.94283132261693
2026-01-05 05:00:00,166.37439459066948,236.72951270500454,116.60128931548924,26.467431242310415,64.3165876985377,2.032308661635173,269.4183658834433,166.70068525022114
2026-01-05 06:00:00,92.30187564755514,123.8329705434868,107.21644734597683,24.533128044539758,43.68751525594414,15.224259448397799,329.2375189854812,82.49151714995419
2026-01-05 07:00:00,136.97125896788162,174.0852689393339,112.05275115147343,27.09992611663875,73.27445149928414,7.034149109961216,156.24755017515318,126.81718429839222
2026-01-05 08:00:00,228.7402890030014,296.5637740193459,119.43986049110788,21.38847685492187,78.629374274104,1.002559167085221,93.13619117595874,206.0674685609741
2026-01-05 09:00:00,77.33721270424124,121.3129317194456,29.128477414143603,30.38119581816541,52.421892238713966,10.711453645507365,156.38519484237952,57.112103759142414
2026-01-05 10:00:00,114.38807229819484,156.14737979667956,53.58662207929246,21.3522512718443,82.14485913493141,1.8901862620244594,260.4412144260004,115.4599699278997
2026-01-05 11:00:00,193.7767618649012,289.0017415329803,93.40623232745004,36.00713015644723,84.83787901211716,6.24722159859709,3.2594981689335523,189.70689899867452
2026-01-05 12:00:00,72.62357806307317,116.39626445026937,86.56226798591715,24.67424163820866,50.22974680577949,14.432553261658608,212.20343621449098,59.274153803563685
2026-01-05 13:00:00,37.70537926062239,66.07173419518095,26.928549697384057,30.800238292090214,89.09368099933721,2.1911028108154516,220.78500655945646,50.878209482767794
2026-01-05 14:00:00,86.64283417016665,106.69629317470137,99.74164374896796,37.60158175122916,42.73913404268171,16.947431354764042,229.56776888253677,53.46038028578654
2026-01-05 15:00:00,57.08089606842102,105.00192479901885,34.68846290203267,33.01754738094388,46.11086176213695,1.072578530513079,87.12794879311579,55.85867603810808
2026-01-05 16:00:00,233.8304600387918,398.0543415931066,34.619937630488536,30.659155731026708,45.132366158091436,5.6896535148361425,257.0589804161256,204.6431099039039
2026-01-05 17:00:00,205.8676872998159,260.5064590183279,69.06718651827549,26.486675062307512,84.16943405043287,15.077177066889357,32.900935079439506,162.69018509626403
2026-01-05 18:00:00,165.6828639973974,314.60904349201024,75.22339283258735,26.660038261163958,70.9860903778729,7.009132844856829,71.7373211280483,151.47535888677365
2026-01-05 19:00:00,220.43593574317507,426.91781834084543,73.80948286215923,33.389739103963805,43.36573557722501,2.935955373254257,315.8892167956135,203.2243963002167
2026-01-05 20:00:00,204.84457768679633,255.82268433810813,20.063552113753037,39.88278722442335,59.2177880102592,7.844444457208129,265.94033426156386,168.66410711355365
2026-01-05 21:00:00,62.91111354378824,89.42828118080651,106.52069488934184,33.236783796987574,68.84139137883912,6.137472441305985,4.94839944408429,69.0643314085681
2026-01-05 22:00:00,225.2885696526949,415.64863012463456,39.216004684757664,31.1556683474005,39.59052467441608,17.011526141050542,89.41545373312807,169.8167040572235
2026-01-05 23:00:00,144.04871564059965,259.0871366610386,24.246641341108457,34.61301020478492,83.53290026240363,6.95361043411772,77.18633387753924,115.57911906421941
2026-01-06 00:00:00,205.7112356877344,277.21992034700986,107.76228878558749,29.30411224567436,79.19819444928444,15.989716963744137,97.49027809331012,170.98018434454897
2026-01-06 01:00:00,226.10099898240344,309.1884716930604,115.12166480527287,21.202846852015703,62.7863725467151,17.94557075140396,89.12151730075911,192.88127933127132
2026-01-06 02:00:00,93.14079924352869,139.37381329337046,104.83403789919957,31.245936317558197,88.19196383925437,9.24253097195406,22.509466467424467,73.14920145611946
2026-01-06 03:00:00,45.311942641365654,71.93807334035783,99.04676821973659,39.1525056901076,57.97685386013048,18.28891973323345,165.21858597485533,35.69432974061749
2026-01-06 04:00:00,72.42508738464659,122.73182954482103,82.0766178702924,23.50605884715319,89.12606754700738,8.169043025300663,263.78405092301944,73.47169467549361
2026-01-06 05:00:00,118.23479138403896,176.77649143145362,70.59431076700533,33.80009781641331,71.73559993419948,19.317489913312055,218.4234208982771,107.34099430627359
2026-01-06 06:00:00,208.14339616217342,326.7909127216963,19.568543590255118,24.018673773181128,69.90692002896678,2.6965009659858854,242.23380069530873,181.6134609220136
2026-01-06 07:00:00,217.968034148959,391.90145775354523,54.929853437776856,30.716553689461627,44.127519241268175,14.053366063561612,29.213704273046094,189.76587563075904
2026-01-06 08:00:00,21.59899002217386,26.552644133180955,50.99573687135454,21.93352899293439,83.50602670675542,10.382466768681645,342.5366556636434,26.072022345392952
2026-01-06 09:00:00,137.47187959284014,192.72864048552472,38.57291621363588,29.007418725163703,58.51193283563383,8.365327303657294,301.85706018348895,99.96396134815318
2026-01-06 10:00:00,116.00453072421917,205.40686403134586,89.57621250574434,35.12326657790492,43.922837318036365,13.021525696223417,289.8325146584386,110.59645302565687
2026-01-06 11:00:00,71.08479640826795,136.2102323301487,64.54633085866479,26.951430484779642,35.693413598666744,14.373284741052293,296.2741698150363,62.061537567979286
2026-01-06 12:00:00,47.56903448674704,76.55484289616896,18.915083749841273,33.29823448974436,65.78656260011104,1.0829021233558727,335.77578292779407,55.57836708578837
2026-01-06 13:00:00,97.65148942283443,158.75112680990813,34.22015221447924,35.90899921579458,64.0069792167472,4.1721086861967756,195.93142780093117,123.6610442847698
2026-01-06 14:00:00,236.8692318998794,304.5516798856296,85.15846400255555,38.54355638958906,74.56444923030372,14.547874962052056,72.10152643234532,180.33928583567484
2026-01-06 15:00:00,94.3366743647737,146.969925042366,18.374394543933022,24.69284163710907,83.96419291597911,13.661322857985922,222.0420988269148,91.7100032296794
2026-01-06 16:00:00,139.32184300097418,226.55038694249285,103.63276054536456,27.986318316186164,39.36736215536662,19.354902597444866,267.43733772045806,113.66979951670535
2026-01-06 17:00:00,181.6943605458909,253.27765114239094,64.46611797153717,23.04832026660835,75.23230696871994,15.459718014764878,265.6502616074491,153.19638585046079
2026-01-06 18:00:00,103.63480854723761,146.68414681034815,62.86452350593128,39.84967004316751,45.30765692536702,19.064681446895424,187.72164870007683,77.94883453895653
2026-01-06 19:00:00,243.50987902582096,365.709791563757,75.16485631254693,38.54001935848591,82.19973792364402,14.348269529161332,24.6451389600881,205.1594713876852
2026-01-06 20:00:00,241.36287783668558,293.51100704983173,100.71490625176641,30.79914260561119,80.04849326239108,6.66299196414942,133.600657834846,206.66744758405966
2026-01-06 21:00:00,77.90992803983376,113.56644533877261,48.25901286924123,36.840665887528424,64.74365652420494,3.001933522766273,331.4759790468086,80.25357673282615
2026-01-06 22:00:00,134.36715635524865,183.96992155998672,84.58177678149698,30.41915954544084,74.06335392428213,15.854653403553776,210.40160751267337,102.04883816633892
2026-01-06 23:00:00,89.20201125785702,130.4131515061426,72.23051603953701,32.471713760055195,52.28925622510616,13.238835208042403,193.79949957205685,82.4268824285639
2026-01-07 00:00:00,85.51331370681756,110.80898184694657,39.37310971863634,21.78248864232033,60.91423444130481,1.9155342354726284,96.78726517758966,78.29563703340699
2026-01-07 01:00:00,28.483997891542543,54.47341921941608,106.64929849906738,35.10540840993616,80.19002937407595,7.840958852118589,132.6416111699684,34.62760278193892
2026-01-07 02:00:00,160.19979681537626,268.3144685388509,97.7168623767621,22.554269672704695,60.25958584452677,19.179196494201438,322.32459209514093,133.40893273084177
2026-01-07 03:00:00,135.61617534263814,236.41721776211884,82.4297018124268,36.521352605050566,54.6789045928993,10.507621768493824,239.92669710966086,134.53491867767596
2026-01-07 04:00:00,31.840112787497553,58.309976341722496,103.5639902003666,35.64056175340772,62.181684598766495,9.221853584374388,283.4593296308398,37.20621669537102
2026-01-07 05:00:00,84.08868677442064,134.43710408202395,105.40236210557826,34.17489395485953,80.55370888404701,9.696292498026585,163.56435230435585,89.91558748970513
2026-01-07 06:00:00,228.90115377233036,290.59830791034415,87.91992743865383,20.723207610495244,53.436442605398,4.968771756098111,226.88899900421686,193.05082609482227
2026-01-07 07:00:00,75.09923485340366,122.38811408434886,102.07146612000392,26.06256711890657,44.55688762246591,8.00543624643111,89.41809914755471,81.95218070987634
2026-01-07 08:00:00,53.325820580981315,89.02601203247667,86.7218607836212,25.262251398216858,74.16077111819294,8.026451863756357,253.96589890205505,65.32961928062117
2026-01-07 09:00:00,132.5741348638395,238.14975654328177,84.81548489363304,27.20272814943038,80.4288016989445,1.9947453835619755,153.93648013320143,151.932977641673
2026-01-07 10:00:00,246.69960444543815,381.23171678249315,78.04725160367028,21.752854935276773,40.535061318794334,15.583784941840447,159.3163853333084,203.7848423476014
2026-01-07 11:00:00,75.6727124476451,98.53073299111986,92.79883035134054,38.73915646062126,48.19307620157696,8.9135842061737,233.7560368476774,76.81267442349613
2026-01-07 12:00:00,174.59117590335208,249.14522635317306,27.446561582238107,31.076044814247524,42.80845943685466,16.621417849512042,337.0610237288136,134.75878354932064
2026-01-07 13:00:00,195.17251152560505,290.8979607736107,106.89578351188213,26.11048621316047,54.136777637019165,17.15661202127801,23.042284779103532,175.70381178618226
2026-01-07 14:00:00,74.65663511825193,128.1655683840473,105.90278805197552,27.939630341485667,59.7693038397977,5.027887039274503,296.90756544492274,76.97337126871616
2026-01-07 15:00:00,187.4897601807277,310.59978218386254,13.217201133801506,28.944050810096712,76.18544853298187,13.489716161232442,105.25791974838953,162.32309853909337
2026-01-07 16:00:00,104.59012052542825,155.3035042148068,100.83984256212389,32.011886667212345,70.81311716849208,9.973354279096652,159.81100362229603,98.84233930304815
2026-01-07 17:00:00,165.4303410365233,329.07605248027056,24.17568542207897,30.313588553929954,69.1510712113137,17.722978020508215,7.888798359003224,139.23678242490368
2026-01-07 18:00:00,165.7118334750058,279.1614449609031,46.86307396850561,38.38783946428835,54.38062206353099,5.099072904352628,108.37658802035268,151.01375194923148
2026-01-07 19:00:00,143.22817733719444,199.0558616013507,91.78590819207686,29.939269658116604,81.2796154196618,13.87845080589084,180.94724734684698,128.30862940744368
2026-01-07 20:00:00,40.76664711251391,52.23944064986077,27.6835885653139,39.84316029646625,60.920794206899046,12.547290322801729,20.223387845078044,30.07113018461154
2026-01-07 21:00:00,212.11957398552474,280.4830211694893,99.97637265309685,37.028499154901915,88.85077159083349,6.610728073864823,176.79446257793944,193.64458904424575
2026-01-07 22:00:00,93.77941494349925,130.9879154271841,101.53475957535161,24.170210287146716,69.87781760626552,3.5954171693722796,333.75982638903383,110.69749999902993
2026-01-07 23:00:00,62.89925739196647,83.56450011415771,65.82145071369197,38.61190429287832,41.94456078604765,13.381155449068254,37.94155851880988,58.90336998947791
2026-01-08 00:00:00,29.3782825575957,39.638754067922044,10.702445888851694,22.32732795770952,72.18976591414886,15.033351704514283,275.1986621071816,25.199580615595966
2026-01-08 01:00:00,155.90537693329563,222.64474810961534,41.574194649240404,36.34899416982383,52.880720848743444,6.99691953150365,147.48157921535736,130.18348245849822
2026-01-08 02:00:00,175.83980322372494,235.39654697312545,77.86196102133164,27.6124658695316,72.74799581773536,13.251819476423963,235.86253722876168,142.11884126052095
2026-01-08 03:00:00,23.815200653406915,45.663559605301074,117.93047958301658,37.55948640890139,38.83026314893232,8.507487244618563,93.68517527468256,41.907038759502704
2026-01-08 04:00:00,137.78140340883462,174.18145855300838,79.49948797183352,37.361133802149006,44.61847904467777,14.550930782369736,57.41721451488898,118.62463969597486
2026-01-08 05:00:00,72.09402829552573,116.76414512343365,38.57839391705758,36.11850800235243,82.06554923981824,4.785090222987009,57.76654113764152,85.00866441885857
2026-01-08 06:00:00,168.38974179417346,257.35298273695787,79.74062734095725,35.80060872614123,47.494875636293315,17.914085050087312,25.377100431532075,133.0922684733767
2026-01-08 07:00:00,60.10427867114803,119.36126092637913,69.3983917687441,26.093582781960816,81.03726188836171,6.460782332846015,66.8328137644475,66.3671524536796
2026-01-08 08:00:00,178.91567976356717,230.7352287893693,95.7829934666258,21.618385661025044,50.360184864992576,7.987933767366905,239.11897859602857,143.20350222974199
2026-01-08 09:00:00,108.9491296491236,165.4157725725997,21.767870270965425,28.05960357530323,70.35850505322892,2.103747089526646,317.4086202636629,98.82151792335252
2026-01-08 10:00:00,235.44789740944893,465.14529698358916,93.71306927522308,23.470490299730173,73.1782815430407,3.1187320341042515,293.08524681281824,238.12235722062255
2026-01-08 11:00:00,51.62981715357844,97.70456030831446,69.53932365437214,33.89902177804923,63.19601142297791,10.801376151534235,246.64835155481427,48.50061423275956
2026-01-08 12:00:00,98.44526074155945,182.4838113452696,115.92912042448941,26.92199453075571,51.79208721832022,6.084260857831458,39.75547082799696,108.86838332207627
2026-01-08 13:00:00,46.09890988533549,64.82992320889694,47.60593826425547,39.5122040171983,46.69544070041029,16.874124289101694,104.10748066654195,30.116115060331044
2026-01-08 14:00:00,232.67953220406943,311.02507375960533,79.5884082447343,32.81944154690664,36.82541450093344,1.279174384444123,111.53047511608884,207.08422516008744
2026-01-08 15:00:00,221.78805127762564,384.7833229307799,112.52309160610193,36.44961127268722,51.71705206823981,8.202786924766787,89.98450070314364,195.94737820505605
2026-01-08 16:00:00,79.32657437448579,154.1712600680955,21.27607007897472,22.65049345483697,70.92395347922056,7.40956538861276,185.4020374955003,75.68302521605241
2026-01-08 17:00:00,171.79633058786118,282.6754543272535,113.09513359600963,37.24028964545245,86.60676501466655,1.3672249874344198,192.79937335668214,149.97419644085448
2026-01-08 18:00:00,207.96110604627964,344.65189296133474,85.66742945308947,38.455143810267884,82.91624652446785,3.362999581009694,128.47895106159967,196.28972871956805
2026-01-08 19:00:00,147.69618666787633,210.31689958573332,17.46207650156891,29.741238376378718,77.13356270944163,8.85921082345407,127.36409714511697,111.75505622819318
2026-01-08 20:00:00,141.8196330218815,257.48692394482714,43.105992364149785,32.12505875501955,78.36460387893143,10.364427104501486,298.2800152461893,138.51242538103716
2026-01-08 21:00:00,75.62602690710389,102.06753273749813,87.89892975098097,35.29619601805991,71.57416969117975,8.681505197842512,284.1454253950868,81.12743891914648
2026-01-08 22:00:00,41.41363659535682,60.420151330354535,17.408566161564885,23.496772545208252,49.31577716613016,11.087815889829782,110.80649940506844,34.60592223371164
2026-01-08 23:00:00,226.35962432926516,348.6728551320723,74.03875061939006,30.051321529268847,84.89572668882064,12.307501823207948,328.96383979437337,210.21371765552814
2026-01-09 00:00:00,227.096153147566,364.7364752146944,48.04713626482524,27.973260555446263,71.89027715482086,1.188552601428877,343.0134061209022,200.35389329631482
2026-01-09 01:00:00,165.61333517285163,230.85302961831795,78.30070695442248,22.92747984324498,65.82423470392419,9.817808029616574,117.6273151308147,159.1673086130883
2026-01-09 02:00:00,97.97685194120116,126.57330278933787,15.031623719376412,27.350688445830627,41.10442080674146,19.306485576864176,127.59298156549976,71.58390659726506
2026-01-09 03:00:00,100.31820216091201,169.38688648202591,105.8690486767614,21.363446187709872,59.5880549093534,10.861613322461425,182.0282952319052,95.42544503564785
2026-01-09 04:00:00,186.96980614015504,267.5359262365511,117.08378660951367,20.51623813898974,60.31970491610595,13.87330308172011,338.8034925121225,172.68220634772928
2026-01-09 05:00:00,226.33535978909273,376.8462413219987,116.57656408142606,22.703325783096457,82.55099852374684,6.9254133004207805,315.4749959312322,205.04782315252803
2026-01-09 06:00:00,224.02987758097697,296.5013412619297,92.46170149172171,39.26230223178348,65.06565211032836,15.705836184902488,36.92446653009233,179.38556770526975
2026-01-09 07:00:00,199.37137554725348,315.98610180689667,24.309486414369516,30.99059071790034,55.922030193372535,15.685508155646186,141.38306757770982,155.85312624101067
2026-01-09 08:00:00,167.6672786154862,272.6389909588158,93.40895155219249,39.3164432230644,88.72401806808627,10.90462490542864,199.21362830991785,151.70298390713924
2026-01-09 09:00:00,39.35219194886123,48.85412615343749,12.704560810468166,28.649957566602637,41.089632632947364,19.544262642305057,181.12769011855443,7.60497260883654
2026-01-09 10:00:00,57.174604241761166,84.00569820357028,12.433590668189698,26.23632266170519,58.240163557156954,3.385454080490414,69.79070445728136,63.56735931554928
2026-01-09 11:00:00,226.66746336122822,296.37490312169484,45.597124106449535,30.122837256804882,37.31135713442729,1.3220056329020389,309.17403762053567,191.67786978309215
2026-01-09 12:00:00,159.4786837217057,199.45998596356597,63.750750944513236,28.790233772658205,75.69472664218117,15.633006023384823,243.69868187886144,132.57359689153404
2026-01-09 13:00:00,22.11532187182482,44.05301758987789,94.74481595885726,22.11329368523488,85.49421037095328,16.33595520993277,301.6470149466493,22.531218093714294
2026-01-09 14:00:00,43.33845485918738,63.18239987832287,85.16249142671558,32.816526293804124,50.40205312527692,3.2839373532909484,309.15514056581,37.58101409833214
2026-01-09 15:00:00,172.60540689485285,318.9574548822096,59.04929770144232,24.320763650191992,82.20879222395165,6.046073826213515,269.4081073196663,166.5622928320038
2026-01-09 16:00:00,21.1641642846303,29.70840246232926,40.09893329098325,32.391759097956594,51.07200267540438,1.3334949039659492,158.11581644989823,14.099121787329995
2026-01-09 17:00:00,56.98585182602469,99.45183270937787,119.68369501734823,33.00402184796307,85.09235889041534,6.572863604830729,219.79683180555284,71.25492300372531
2026-01-09 18:00:00,146.2087715543148,264.37211106184725,56.87994324595702,23.04049706257296,76.46790469782312,15.689695604454759,57.731546203107534,116.98837699328514
2026-01-09 19:00:00,179.13589546931945,300.3232979031864,59.652572676264306,21.226992542213363,79.26987272627912,10.841250026539,242.51235029096676,176.20420257582114
2026-01-09 20:00:00,169.95108968559813,268.05721731382215,27.99862033108361,35.6152317213688,35.990360558024996,7.613816270197473,64.53117206614107,150.38774375982453
2026-01-09 21:00:00,71.58194117592875,109.4826270833789,97.42905036249223,29.196008475386403,87.95456963907142,8.063046603220275,249.82185258365647,78.64409442090123
2026-01-09 22:00:00,183.80122090993325,271.85939575378757,86.30504483596376,21.163275910109515,74.96690456386779,1.0257188885938948,82.65533787142871,185.1635042468105
2026-01-09 23:00:00,74.56729012426402,144.93072365158602,34.28465740676364,39.89732634339534,51.76131024623733,6.696210023739482,42.31846805407919,63.96134071869882
2026-01-10 00:00:00,94.84193057663158,176.8323552591632,19.0619150177427,21.155611219927334,80.61670656723658,13.28271609112068,59.502416451464676,86.22750646367291
2026-01-10 01:00:00,191.69302317714556,378.02276857494667,84.85492322821844,33.90070457717106,50.483665912821145,19.509694432510784,0.7171686788652964,168.45083581603095
2026-01-10 02:00:00,169.41556678085936,220.14498778990378,81.99623357092487,39.67357850526827,83.00146117613704,17.09415571269409,258.7462624272709,142.8863449498428
2026-01-10 03:00:00,215.32138441366092,384.28277856340566,40.05854796980303,24.783602084318513,41.19192147265654,1.4483043282650534,263.6643776610165,206.70126651979328
2026-01-10 04:00:00,171.250965229079,334.05452543017293,114.59499184754515,22.844987373743923,73.70272876034377,18.072651488821947,185.3760059687734,163.8170835773575
2026-01-10 05:00:00,150.71097876715848,202.70422475003005,26.616368095899027,22.427698788448577,64.73841621547007,15.880769852673893,58.09060837993813,119.24272629475347
2026-01-10 06:00:00,41.54519660046127,52.0643163213132,57.55682811468621,26.06550295135191,40.30939586074925,15.827146347848627,30.07956150384831,15.700354237928003
2026-01-10 07:00:00,104.57463470366972,187.4914985810872,113.79775121843588,22.020916220212932,48.30416055423615,9.701919421067858,6.886427917423323,95.46510548549945
2026-01-10 08:00:00,80.99654456679686,134.42012317143883,56.17000486187345,33.84322683388264,35.68222199525231,8.562100566135554,59.669343707479456,71.29981062943102
2026-01-10 09:00:00,76.11761797718921,142.6035425578196,80.23785424304941,21.245835962601255,60.78223810054782,6.7553988478306595,320.70799259393283,80.38239102046734
2026-01-10 10:00:00,243.79242759306248,319.8112707182149,53.73538377590737,30.188442562995796,51.569589341800025,2.2482023201329495,86.95326301260543,200.89870380778163
2026-01-10 11:00:00,110.41247667335489,202.7409188238753,40.1636722583537,39.93393707705954,67.90966163637674,5.336471906380283,127.53767779819763,125.19766729772633
2026-01-10 12:00:00,225.17070769073607,306.525302304833,118.23754127558111,36.279405390120374,51.34807942397394,5.685469064582468,37.92437441327995,213.8904289450213
2026-01-10 13:00:00,165.16188397937046,219.81803985374052,55.026740694654734,32.304388764620214,51.49555113288416,10.197464324493831,80.0500697093413,142.2917225169178
2026-01-10 14:00:00,202.80659981457913,270.0192701328657,108.35091240470479,26.125072415732234,75.87562593023819,15.201443725337185,186.92084548087385,174.19514546552708
2026-01-10 15:00:00,135.6065314141942,251.09715960764532,35.29500664801948,32.47791672583277,37.64785597880944,10.002386739560986,218.79096591443493,115.5167981194856
2026-01-10 16:00:00,152.6878934640626,264.47952204987666,33.441517442759164,30.540829278233034,84.65922473555929,2.0990445394960515,88.32683309983598,138.56558359680054
2026-01-10 17:00:00,133.2790695783387,215.70582200746782,13.42474911729625,28.52166767780743,81.87451309151498,19.198006218775873,20.783577321042195,104.39321988375784
2026-01-10 18:00:00,64.90588719355023,96.51923337156194,81.68335079134735,22.614207534803988,71.72925757745236,18.91176206278813,140.77183288586352,56.15093178151128
2026-01-10 19:00:00,186.16398651014623,354.03930352947503,50.537897809613725,37.732084304809334,67.62718635590613,15.918601319819759,84.3132135334803,152.17966409232335
2026-01-10 20:00:00,84.57764336139684,128.0468379012896,105.07940748236008,28.99569297642645,84.07663739768087,19.83523012972019,79.0394123627287,77.58563064736377
2026-01-10 21:00:00,25.592672279234385,47.43037620532332,62.053089736071286,23.8924502364153,45.19315987407929,11.345164323204996,345.5506089768439,23.557549989219748
2026-01-10 22:00:00,168.4586280586486,261.3312050546976,116.5012770706194,27.35518701754579,39.34330392049557,19.292598654810917,221.86817493326066,125.82096114456033
2026-01-10 23:00:00,60.73545626362126,91.19766104206724,30.407806727343328,28.282595050578543,48.1730593450246,2.4364957717182647,200.47623954195453,52.40202079495915
2026-01-11 00:00:00,236.3054744011703,371.0335822801949,105.54854847511719,36.550757911337485,78.70180532851046,7.947934216966055,149.6790372683959,212.91377597719583
2026-01-11 01:00:00,239.40357271059509,345.0050391013699,95.42565380709159,34.67228761122804,36.90686466995658,5.2822440921285505,154.41996003485193,225.6256130737757
2026-01-11 02:00:00,230.41880975070316,414.31318253178193,94.80140291084572,35.386097872826795,67.05437592959193,4.7208285985511305,194.7258013817091,222.5556057458452
2026-01-11 03:00:00,105.13650105875222,168.44721153067408,102.92615509285764,20.220625288572943,89.74906339052205,3.6752560289608454,250.7147305329986,102.35951405682462
2026-01-11 04:00:00,23.55502180163951,32.64184623940801,93.71263900372988,28.32307996359523,82.06328516106467,12.825859189753936,252.7725946254586,34.0914336321502
2026-01-11 05:00:00,233.51326939517685,448.2660030103047,78.88423537945569,29.626883032706473,63.679512897397416,15.845115259198796,61.809806773961846,195.56753748708397
2026-01-11 06:00:00,118.48235411298229,178.56629344086363,24.436936545062633,20.383845536461134,38.50025001076533,11.987669588986853,180.04059074758572,102.15838829402868
2026-01-11 07:00:00,242.330608380044,396.17232647242594,13.57787974403771,25.196264174900683,80.72554329121404,3.7922914821759837,148.3049142122767,210.8813410858533
2026-01-11 08:00:00,241.63259473052815,465.185680255212,111.29326325972555,35.2057964624427,67.94381794974657,16.411351628735947,313.3897078569783,219.32631892249307
2026-01-11 09:00:00,216.1921747574928,367.3949056313152,77.83153459728119,22.74219411457998,41.32131483827617,13.08313943611084,227.3108116386155,197.39183554046625
2026-01-11 10:00:00,87.72324517600471,113.47163459972917,97.6191020073794,30.706202629051834,40.16215066528459,8.375148416412916,191.70146390975344,70.95640676890066
2026-01-11 11:00:00,108.57247757844281,211.91889482895084,62.96745866638051,24.30403744034475,85.02947506901259,13.808475615185197,41.542071184410254,90.45480164664474
2026-01-11 12:00:00,215.76143444887708,367.26187329529324,22.903900785863392,20.242415492877864,71.80601446159432,5.938194605613824,218.02964015642812,186.72821633681932
2026-01-11 13:00:00,92.89206118594386,136.35853170172638,23.77043714228055,24.82402915199083,80.61077396242155,7.55865196139,42.19340604488403,91.63669369526252
2026-01-11 14:00:00,58.98333173780127,77.35178277633412,85.41218159518685,39.517475098201075,83.3438395155247,18.432231019507814,121.39436720367074,38.66133690211354
2026-01-11 15:00:00,148.06429036542053,271.7305693837647,57.3336484389409,36.030742237659794,66.44747936265773,6.519585607756987,51.42310733315947,116.93587871962198
2026-01-11 16:00:00,235.3155980569796,399.1089507885017,32.057719937037035,39.19153288642067,63.45954934652727,9.929777095000794,249.1465129287728,199.65079984291867
2026-01-11 17:00:00,180.08685323524378,292.9596873842547,64.07540014155805,29.757080878527248,58.67350756765446,17.912681610524277,74.25076098101493,153.54266171205913
2026-01-11 18:00:00,151.11406912055395,289.40067940987507,17.06298307826475,22.19472397355007,52.43206232851156,14.446705655083022,141.06937434768935,135.64253048037253
2026-01-11 19:00:00,42.35059356727676,77.53876026541852,74.01685421058387,30.95918977947386,58.902777847229146,2.1818612971293523,322.44291994276034,50.44695740601365
2026-01-11 20:00:00,161.45166214080905,213.33252371925883,39.58927448786075,29.08754669119922,77.56338106515861,3.7987578413004366,73.5538980236293,140.2664593043013
2026-01-11 21:00:00,247.71238552398054,359.02879625605925,97.7315010700907,36.887141654792316,68.10578870583224,1.1489902246664196,182.80982302516048,236.82451721214917
2026-01-11 22:00:00,52.21932350440053,73.04393602872207,44.13981548159312,21.961651615684893,84.08878094751654,12.987514014354105,150.9377980197679,31.399171650885147
2026-01-11 23:00:00,139.21582004365945,249.91425860354767,60.07421639899813,29.764822740435562,59.385900790855324,9.505795082797949,6.524654776462704,123.88389133846076
2026-01-12 00:00:00,221.79580654342976,272.1048505781854,11.278259389891069,23.000973293879685,68.38992682953148,3.5512221671432354,285.3929208862126,186.03200877435359
2026-01-12 01:00:00,190.37678208346702,315.2471499788503,17.969157657401475,26.4935185378012,69.72191542005939,19.20074830007864,24.856526273255902,155.28107912352064
2026-01-12 02:00:00,180.31362042891163,326.36169335739294,53.17429120473533,34.747141547755994,67.54334392684791,11.063534754966778,170.7318075517033,157.12020649993
2026-01-12 03:00:00,181.57133931703513,345.2420159276293,62.79327181888359,29.52036258737533,73.64485751970341,5.595972588144894,201.84418617802197,173.47649285604925
2026-01-12 04:00:00,102.68296478054368,151.3203322610223,76.00226029312341,27.517765702915387,48.058840760614345,10.511467851939443,226.23352438125136,70.99115188710549
2026-01-12 05:00:00,87.52612418083348,162.53652408351152,42.082883658023356,27.889525571400707,63.18000776501849,13.912786321967047,247.9073865508352,70.22446643598818
2026-01-12 06:00:00,206.15306576005813,265.6293363070108,86.44800747391967,29.188935368119733,40.73236415445912,2.448545141497725,91.17805806817744,185.64188437577437
2026-01-12 07:00:00,206.32608077621157,387.30744406555436,104.61346369081251,35.700330876741134,56.148123020464695,6.219372485909948,3.5923595970417743,189.38148454196624
2026-01-12 08:00:00,219.42663327342385,285.69148629294,95.78360877826847,37.84169377880469,61.821688774169544,16.332344326795877,260.4397184477683,181.42414519630572
2026-01-12 09:00:00,230.0453270879884,349.1696602694744,14.358070788319285,39.10669373007856,70.87233427500098,9.733632537650564,192.83637576512828,196.10900356026832
2026-01-12 10:00:00,137.6087517380157,252.90235812676207,62.855764198361186,35.7380677251059,87.2792078922412,11.384965698613604,301.00237315460953,125.91186497331361
2026-01-12 11:00:00,135.3487477780559,178.65140618307842,21.542319625999234,26.308137914960255,68.03580866015957,9.223504041979917,295.69981064424996,113.14707935822624
2026-01-12 12:00:00,203.60789116235827,281.6713838983071,36.62495174487802,33.762694121730846,75.8976653897108,1.8340989102170973,303.59742040363795,173.12130867898065
2026-01-12 13:00:00,169.491704078886,301.3226997684975,118.5328852593861,28.75206248110784,62.84463327223615,4.149245816582963,174.63407759263447,166.902974185771
2026-01-12 14:00:00,181.45238176927177,322.26473373687213,25.674509719166455,25.09341244092102,69.87572172569821,9.465291136095928,120.10622250127163,164.47173090857964
2026-01-12 15:00:00,203.03231397030325,347.77772676539144,64.87769687964916,36.81743158851845,38.90127188735754,4.974523842750628,284.9609529328932,184.55753168404186
2026-01-12 16:00:00,224.70122861804026,394.3863287971165,77.9971307749931,20.7685269792465,48.991536946301586,1.9496015445338961,162.46588069053178,205.39868620562217
2026-01-12 17:00:00,97.73888607585323,159.72288932216912,87.27114675985143,38.03523984270847,54.90192012628263,17.02934361698465,66.03919070523642,85.38150159482977
2026-01-12 18:00:00,106.38407910718712,149.09082373012257,71.56135518356055,29.22954929249468,60.98713452535824,19.6426580541182,307.7906470421308,89.06851238377526
2026-01-12 19:00:00,41.615846163399866,61.448160424050066,11.074793216110203,32.74402953616561,37.5106810026311,16.06971460593805,317.721555638045,6.028712634161629
2026-01-12 20:00:00,153.00443242912002,205.83352338664497,45.91074390683911,33.187078444115656,42.701325365432474,17.221913512388674,167.87151221046125,126.05101058094692
2026-01-12 21:00:00,28.26672297325068,54.46320384959021,66.94828077231826,37.90235481413073,50.224786928521816,5.5975654760238625,27.25190183152349,33.077798069012566
2026-01-12 22:00:00,127.08754417046583,211.81851739338032,19.66531490593167,32.733393643344144,88.43429799955778,19.251912534750794,139.61739237009525,104.54169215805274
2026-01-12 23:00:00,144.80826598274263,220.20719804190585,48.56896243300989,32.27867169520124,53.224085390667796,4.74158838461514,289.27355740653724,139.70726315498672
2026-01-13 00:00:00,85.90448798950541,134.83608319558985,13.652341967050322,21.3330408112138,61.51225819616454,19.077166396874812,324.63865027664235,49.42694794703803
2026-01-13 01:00:00,155.89164993087246,305.2088301283373,18.643634687052284,30.36816043890408,45.785374200611614,19.90156658535307,73.2501872991345,118.0615754817731
2026-01-13 02:00:00,27.01505748598137,35.73230655976709,53.661560382175566,23.003380016340834,68.59290390916726,14.522733309174926,24.110500329097746,20.450164258745822
2026-01-13 03:00:00,28.590083412319316,47.716387931703316,24.59873294473664,34.74867537442971,50.43757685337859,19.641730904044618,315.8461631278219,5.724861985680271
2026-01-13 04:00:00,209.1981289517214,335.7025268064565,72.4294933087714,30.244438416253487,46.38459181411347,11.82125581177497,140.1857780323951,193.77918543639095
2026-01-13 05:00:00,102.84384752459046,173.72006195535332,85.84114660509923,33.604555584167066,63.41149456452885,5.9312938803457165,195.03394713632278,96.11107509404121
2026-01-13 06:00:00,49.223917909933505,59.781864853304896,98.06453690199912,20.833458012047686,35.30281895382315,9.302921827646797,348.5036923382732,43.56659337315562
2026-01-13 07:00:00,140.115949812605,265.8979156599193,32.01652686692911,21.695840320916066,35.42152179570739,12.277657772196934,23.963302049120227,120.00074748296655
2026-01-13 08:00:00,197.0985172126805,383.49352573069694,28.423084048497675,34.326467761253646,47.04878450060218,2.388549678513285,233.39448268275441,172.97058373546628
2026-01-13 09:00:00,69.63883632427394,115.05077740783655,21.50246243678403,21.441686719973468,37.01967493754516,12.824522027727676,26.677952126952146,49.294785378544496
2026-01-13 10:00:00,163.26480943837007,286.9086225303195,80.00732744980003,21.42513455530517,40.94141647718803,19.642378898483596,135.16881424794013,137.66224383944817
2026-01-13 11:00:00,39.62991694856664,76.80275942720824,87.71232991355913,20.24216950469775,53.63733571363134,4.6120453458908255,289.3732362696408,47.980889341782785
2026-01-13 12:00:00,31.88679586877977,56.30541421282847,13.474475930820624,39.1300279659896,79.14221237688972,16.059307209479282,156.05000379202838,21.35730674382809
2026-01-13 13:00:00,142.21156526067404,188.00813115777063,112.98334708680588,34.75016718918014,66.46267538531154,18.25007708181277,358.98564740506214,115.78064713142592
2026-01-13 14:00:00,144.3460779703245,239.7632652204128,15.716841201661964,27.065028170041284,63.1967249276029,18.930330263584196,201.26134258077678,99.60141863680302
2026-01-13 15:00:00,166.6088773445875,280.7979430102386,69.54259688311775,25.930711625753105,51.141885276446686,19.2425764837035,115.61837494894326,139.5758496694149
2026-01-13 16:00:00,187.00100675621215,287.851498131242,87.9966571396008,26.994064594916992,86.2464545688049,10.907733135707966,79.24007732571113,183.17948573387613
2026-01-13 17:00:00,244.44597827638296,437.3518392302903,105.80660361206941,35.49307062362364,56.83582726804554,19.56885025183857,126.18739234301825,212.43306396336223
2026-01-13 18:00:00,138.74908010927493,270.21294715805004,88.54956253456706,33.22741222140829,39.79010217376743,15.38889393555434,134.1119785534383,125.19884565156008
2026-01-13 19:00:00,94.27998877648658,182.9460577387601,98.1900891376771,23.70391135734936,68.93865838647906,4.071757288502276,24.736923980625953,108.96050505672305
2026-01-13 20:00:00,202.89282479680185,316.6490486312013,47.33952117970867,23.482186706681688,41.26111164121308,10.06110202289143,133.04671179363834,160.94035047696033
2026-01-13 21:00:00,82.29141779027708,106.2045168203614,99.63076251211635,21.967912994267948,53.987272854093064,14.648292332068076,167.12586710612098,85.31883535361003
2026-01-13 22:00:00,120.96342676229631,240.45992510929352,18.812633102314265,33.206054394026765,62.90765662947949,5.699466000562583,260.1855908059697,114.51873303908421
2026-01-13 23:00:00,38.044967708721174,71.18664173826025,108.42983216665804,35.287453244434715,83.08223885768467,13.17168848742886,236.42261449977886,59.247265680709646
2026-01-14 00:00:00,25.830670985555226,33.57290174453727,70.23516137691098,25.30092856650008,62.14506191870653,13.665409101885766,255.15563588249552,18.412962957843163
2026-01-14 01:00:00,241.40913537592277,467.53067661158474,99.90275469587431,20.418899220618258,73.62423213174154,4.091295132362752,3.0109254756685555,248.68360843350962
2026-01-14 02:00:00,212.27542771780733,402.4566111228911,59.75501129701301,21.643433349528546,89.60492614494888,11.73662093660237,78.36026384899297,200.79511079597145
2026-01-14 03:00:00,180.07406740155054,290.83230429738853,80.79354647161774,39.357200696900605,42.23190159438899,15.660911308593546,238.20634382394834,156.0330646531021
2026-01-14 04:00:00,114.05917721528208,190.82332442527772,67.90429270297246,25.908895549548404,50.11023390357357,10.479017626182896,174.23617254470898,104.03681759535431
2026-01-14 05:00:00,59.857693616294526,90.9359376198185,90.4748473930865,35.384462956762675,56.70168415787055,1.229959218746041,1.9128512406045406,68.43211309052238
2026-01-14 06:00:00,55.98051981434979,69.62909178293414,18.979298023364855,32.49327137708528,58.200549819635725,1.1717309125065514,289.61807127545603,64.51798224251267
2026-01-14 07:00:00,77.55586657785693,113.86424993371244,16.638729238962018,27.638792793057917,57.60615913960501,7.783557535430232,278.2114463845215,66.99436644070563
2026-01-14 08:00:00,146.32213288240771,269.5667426515753,37.18135574111611,24.113745243911104,84.91860514061052,18.59768730020386,197.43089867768253,107.71860723507122
2026-01-14 09:00:00,184.35706222101433,221.91163158783218,27.549914812450716,22.42772836318813,74.2717954456771,5.3448588124685665,23.926797279457965,146.38342050430006
2026-01-14 10:00:00,171.84539664507818,252.06271392614957,105.89619232514218,32.30025936077733,68.43478677498871,13.052910088562056,275.9454178317305,150.94642223164195
2026-01-14 11:00:00,84.38479629756685,128.1412628376723,34.113538609384875,35.49267561275576,52.015499482453016,5.219441543173091,210.13689158329103,79.36308686123154
2026-01-14 12:00:00,239.61901455253465,390.5589813037218,117.34517814010444,32.878085070822614,80.3084711321712,7.111729803531424,281.5055917768653,223.2807009309986
2026-01-14 13:00:00,189.71629084002674,367.26882553138836,47.05853709482175,30.606042664983164,87.52832813167439,17.112799702428195,270.62891726250257,176.79228456919387
2026-01-14 14:00:00,147.50143207762216,217.87094262380847,30.032970725756922,20.839024468632726,80.16590554026246,14.848367403128991,289.08074590482136,105.12341960915055
2026-01-14 15:00:00,160.69577163390102,237.43805596033476,96.8668357856727,39.36977555188768,35.08608078553101,2.812586268951002,186.48290390566493,150.51135573225645
2026-01-14 16:00:00,116.50801435839168,208.5494620333519,82.45785530509637,35.97428383309149,70.00207536008739,9.145338398742238,50.516826549665396,98.10689449514645
2026-01-14 17:00:00,76.97812758526621,120.222465382449,64.80152880984528,25.856440734019294,37.81244597931554,1.554225509260025,241.61669041668793,84.06720274745236
2026-01-14 18:00:00,101.87371608979016,140.55352167941643,71.08999060313943,39.599406587177015,49.168397118354704,10.13691278545717,223.3705626187094,88.20313116003308
2026-01-14 19:00:00,194.3046054068049,303.4943918102529,89.11219560994903,32.037631792726444,38.273858519127444,13.586246222320293,267.2111473916714,168.87861296042362
2026-01-14 20:00:00,23.31050238484385,30.599361189400877,35.13002154644286,31.64845316414493,68.20874991221632,3.2515498483648795,61.15716217826471,23.511642108919496
2026-01-14 21:00:00,46.69670731659073,62.62540196657812,119.5967307662416,34.96146358859065,72.76244524209338,6.4888138392741475,70.19107196410413,69.17092723915663
2026-01-14 22:00:00,30.580607665003132,48.889040662825735,117.22724783614615,36.23539576180275,41.29682009362478,8.55889588454098,320.54742619895825,47.5858123022784
2026-01-14 23:00:00,29.36762453336313,45.08342568685171,81.53582549816306,33.12957214663005,56.11113856747387,18.471089468464946,269.9920074427455,27.64905870089094
2026-01-15 00:00:00,216.75593432253166,418.7457436247615,31.949669602205965,22.561914927324,60.09300799255481,19.871845293036316,326.96225593211625,180.06489585728
2026-01-15 01:00:00,181.84130765740545,270.9281135908341,84.82510666744204,26.765350119889966,55.29791619685041,1.8533146809167014,273.1375156190115,174.14155770311854
2026-01-15 02:00:00,129.05998069008479,214.8165538487197,17.941824987709342,38.561672806520995,41.656375026685616,15.459150546412449,214.97591015650866,94.400582712967
2026-01-15 03:00:00,42.50185694973034,72.5001533953396,13.371775242638666,24.49231223687704,58.04212846031115,8.06275726164452,235.4877853300345,44.20744753840022
2026-01-15 04:00:00,133.07165127687142,161.079982300872,38.345117736233505,27.443340476750265,76.314792629463,8.45670553836012,320.0860526184036,126.07295826948476
2026-01-15 05:00:00,128.89850727953012,223.10139015714515,60.88852524132479,28.64153765888392,38.90542154932905,15.331034493593432,208.3704316242986,115.69293165667146
2026-01-15 06:00:00,59.83643007930349,80.32614544172665,105.50997559492185,28.788099793889046,39.40990077450469,18.450102210762765,227.66087675821947,42.29385604859386
2026-01-15 07:00:00,119.7858793247338,235.84117764646436,89.98859767429389,32.25879164989051,54.51242105097913,19.067643295548418,56.33161776129621,107.84708227097036
2026-01-15 08:00:00,111.6560889113959,147.26658569192486,91.69771733199792,38.861516754894154,86.79491413904088,11.965329134728094,170.61163924179698,92.31881548435125
2026-01-15 09:00:00,161.6455225520098,247.5923335764309,56.80426678928829,24.8138542366501,71.77149556976028,7.785302026709553,257.9029603049156,149.30379409918928
2026-01-15 10:00:00,166.0715396995581,210.62516827200298,48.05284918016592,22.43002752601836,72.32684761699107,15.963432631316806,97.53937139389154,135.7271836622468
2026-01-15 11:00:00,30.41992224757024,60.763776482491075,50.814263928306296,23.949409797198747,54.90559949608257,5.769026281983705,72.81150498883257,21.041219897840158
2026-01-15 12:00:00,106.16090136408837,170.04386160275595,118.64145201096636,37.73849800418539,67.65134351646961,11.717406547836838,112.9776509607896,93.99860999940044
2026-01-15 13:00:00,163.94778061427436,274.8269784976192,14.412011055373073,32.916216253104125,35.557215121525886,7.81299076897259,86.94022607742004,135.39997864881028
2026-01-15 14:00:00,135.7213394734202,170.148574854757,105.37346457346935,25.7181357847832,69.98528255252482,13.475990400449646,77.36854933310251,116.36244525152692
2026-01-15 15:00:00,216.9926634733141,390.5799321452706,73.65429494296328,36.318938779372345,85.23078211669302,5.567579344976631,152.9463034325113,195.3906739767127
2026-01-15 16:00:00,171.49953527235735,234.59841166039803,58.24769611085495,37.22739992726872,68.69154075896506,4.64026596896169,326.8218649980723,156.21090352881646
2026-01-15 17:00:00,57.474918228728825,110.26237935492594,89.77834264566502,36.93028677380556,83.05342264064898,18.446542646833304,182.54147282593857,56.39088485953608
2026-01-15 18:00:00,36.230811902098864,49.42287486489287,63.53358355671731,38.378530672791086,74.81851805063516,2.934269976041201,67.65133709351629,45.15831093417668
2026-01-15 19:00:00,167.7564339874526,226.89899440392887,106.07655618898266,25.04482040346723,41.630712902202966,10.613200246963702,27.709800977114668,139.64347948637015
2026-01-15 20:00:00,26.097601424573018,32.08020864044771,109.07720504123844,35.10083857492557,84.63493190072128,5.1962028762971695,250.61621224965307,52.02410006389605
2026-01-15 21:00:00,154.72838369289656,244.10778476084667,56.3893019560801,29.2107899454828,38.65441143956762,1.7396693031876815,137.80755519709962,155.2785943219127
2026-01-15 22:00:00,236.25295552774026,390.25985634283336,40.451057695855674,36.83997105780123,64.36821099012701,1.6843575475371013,295.8591407707293,210.22877322925177
2026-01-15 23:00:00,152.35906091145216,190.83991837140098,75.15853614526985,34.569813543232264,42.81754180864017,4.32921367001072,237.42387671067726,129.5381997488471
2026-01-16 00:00:00,109.27908302750004,198.93405708494666,110.35996801783601,35.52894892999449,35.64386359019972,17.468636735614005,286.6469221948927,99.77136279983316
2026-01-16 01:00:00,167.95629024174124,262.45371716391384,33.172840790623326,33.12323675362143,58.21188430702014,6.367096135563506,97.90057419064155,143.8689930807959
2026-01-16 02:00:00,125.39816481304882,203.08385971125773,78.52632419198311,23.548575389394138,51.22723892097859,19.05872424093062,249.24921208598093,101.3562580663543
2026-01-16 03:00:00,145.49186154266505,225.89214789175918,79.47162421017725,30.900538377938766,61.73002715886817,12.050823566794678,95.06231448973875,134.31325238874393
2026-01-16 04:00:00,236.53690601860077,359.68049079511593,90.64243246568091,39.69339479049016,66.74599377040029,9.295669605606555,338.06465260210496,194.08925951613037
2026-01-16 05:00:00,108.80360669417807,179.27703723130077,24.472445363998578,38.74776132994238,37.405648976992104,12.021687858719638,229.09474135201478,97.63769613847822
2026-01-16 06:00:00,241.07382967950028,319.2280841009238,88.74074611502974,20.863474715940235,41.76518123180601,10.817269319299088,116.82424806312315,202.18196949728724
2026-01-16 07:00:00,228.23064764989465,307.0940372188098,109.99357727322051,23.296296314588744,65.72533180477339,15.416748821389177,97.02427042521815,189.76699805822335
2026-01-16 08:00:00,65.03196100153818,122.87324031979576,29.765141975726618,22.63457546909124,53.8742044244962,6.367425253484193,68.73357062579166,61.2066819114561
2026-01-16 09:00:00,35.953099201288055,70.35634549431606,36.12976574162654,34.51959819970591,75.10454181521965,7.707957440405745,250.070745201742,38.947307985359345
2026-01-16 10:00:00,43.17894031680813,64.71000893005127,116.85346034458036,36.355706597138905,70.87604067255668,17.987791748131762,78.73762067925382,28.55597690478448
2026-01-16 11:00:00,24.191019899856435,34.26889570046439,29.907464798043875,24.270227326213437,81.50823996444487,18.982673749857703,214.30917573389607,25.729083453132368
2026-01-16 12:00:00,41.721880973863534,71.5613550008288,103.9823602706537,30.11705385903658,73.0871054668074,17.958606322243014,95.26860969312864,41.04728256520325
2026-01-16 13:00:00,177.09155788576209,270.4165663596405,64.15056420928383,36.814060560224,58.64620925645815,8.969511885188957,238.3088201257927,158.75961939011577
2026-01-16 14:00:00,36.37338914585267,44.386777209766194,37.19541818434948,34.65603089532501,72.01316423169378,15.826944557130751,293.3783022745941,33.97046826841811
2026-01-16 15:00:00,93.3643949675651,123.70054818164465,105.78248913997625,30.844744109836967,50.145964584048016,10.050378932720877,280.08908753207515,78.69043618957085
2026-01-16 16:00:00,214.32132152297456,379.94407723582856,58.983578050293204,31.806953809175457,51.84724243280169,10.453257190775942,273.90647913508144,192.77063789404784
2026-01-16 17:00:00,25.35254521923995,43.7873734897415,66.62990893226592,30.1672109383256,78.39418379564364,4.888922072088395,67.58006604921074,35.47941790676496
2026-01-16 18:00:00,207.32775099545523,253.28750214393585,49.515670633974224,25.950969026376413,59.55307340208702,12.231475761911813,31.818580914426736,173.61424529716518
2026-01-16 19:00:00,84.82659819788198,116.85523255057957,75.22459365784202,31.300439857180322,78.91091872850939,4.536582057313611,251.62157825545881,69.81852576105726
2026-01-16 20:00:00,47.17791035298094,65.33479325418939,27.987625984352505,33.777706041001814,80.23323055175531,7.299729282276681,132.60499696596648,45.18651585969434
2026-01-16 21:00:00,180.24954803375465,313.1861483291697,53.01896903169368,37.46645831721615,82.16592857137061,17.245573830778767,155.64464150520502,149.50502481869432
2026-01-16 22:00:00,164.65685475937332,200.18460583304756,116.63535545688163,32.72582707958496,85.4149379712664,4.934440375006249,11.213673405620783,158.8934274628463
2026-01-16 23:00:00,221.81856311122218,284.65684858415864,38.39467759712403,35.22243074086316,58.7041871282313,2.3520074182952233,93.4475217390177,193.8436621581881
2026-01-17 00:00:00,189.06634007489373,347.86937339270855,82.24103309954214,23.20143269909146,52.537675007662635,2.31114425964351,12.123505394807047,176.41987180173825
2026-01-17 01:00:00,204.80061398851518,275.0135819166978,45.77090706471644,29.231149488395797,67.02093106267625,18.87490588955905,316.50687813644913,154.69352666076833
2026-01-17 02:00:00,84.86795169140049,146.15932214801865,95.08204382552607,20.186632396541867,55.414483289069516,10.631488321274858,87.62280595867097,81.63465739037342
2026-01-17 03:00:00,60.81109506933625,84.56063867689261,24.396102679018483,24.93357729043246,68.05907917401282,8.778829364523348,200.6413810462829,45.835032658300676
2026-01-17 04:00:00,192.6413928773974,246.49489418153976,116.68031495863993,34.52923430226009,73.80722244541036,16.40669303915045,14.032555438006948,170.41726119933713
2026-01-17 05:00:00,205.57199003147073,286.67790101702144,59.91684955220032,39.83619902698727,72.86227601706753,16.880692630299805,240.06506087003692,164.7295217179494
2026-01-17 06:00:00,247.81618266015485,440.5709663234912,35.96555096811103,21.983561991744317,55.60040878610667,7.311629629196488,116.28984447147378,195.65406734144332
2026-01-17 07:00:00,114.90206568962809,216.53951225853868,18.084642206301393,28.029886317225767,44.177311093431406,14.17874309200211,323.2509073047597,89.99730900086583
2026-01-17 08:00:00,105.56415973234013,196.79016159569753,28.67336955962948,36.00141937398319,58.679113615421414,15.651333501185846,319.7225480162529,78.24444492558763
2026-01-17 09:00:00,198.57498097065928,301.3865466334663,67.17513434116194,24.080712692577976,42.84267792450498,13.438363050453136,117.1046226102292,152.5665528825632
2026-01-17 10:00:00,98.3848142581941,170.64532276596353,47.07034940744149,31.101698986045726,83.95533693510946,3.880306421201888,324.34592244856844,89.52564013990157
2026-01-17 11:00:00,234.0741848888199,319.27424735815777,101.17717024708705,34.661425920593494,54.023260340582155,17.641778586824085,358.6167624595604,193.44632791933714
2026-01-17 12:00:00,217.43493292389272,311.9143651615471,57.39762760279865,32.31970900520358,43.49528609728281,11.242796501984165,297.1496390846213,191.034138098533
2026-01-17 13:00:00,118.66862629625422,227.495903782729,37.35856998463929,23.760494692308324,36.3996267948163,6.36697610103007,304.15368519188246,110.36294953309482
2026-01-17 14:00:00,192.70034559204439,233.24479483355736,77.8859485264433,27.107691373714786,70.52023124575663,9.079335523316184,89.64314499927237,159.75829724698042
2026-01-17 15:00:00,193.54486103947693,245.4936226249066,87.74549385739904,35.675835689707945,70.02962746001089,1.7138507175792403,207.61286358879227,180.5202752885308
2026-01-17 16:00:00,43.718489832264495,59.7329663042127,28.374609869104486,31.084530282640333,53.73322916197104,3.429469223225934,24.212129028252427,40.11306465251572
2026-01-17 17:00:00,227.58716853630034,277.93531356729676,28.438113791714944,20.104592270858255,38.9441538866208,15.545388259801356,34.1704572558011,167.17996846335444
2026-01-17 18:00:00,136.20804566300714,183.22002761768752,14.033856962689727,35.219815200561875,57.529589219237764,1.0002210603519566,359.6013403319846,110.82098330408004
2026-01-17 19:00:00,210.08521720478058,350.0929910263224,91.00422165722046,20.70622709880478,52.11696222848664,8.914750741163552,117.59012979332793,175.32239634571215
2026-01-17 20:00:00,93.6114082370407,143.89380640174943,83.01849803839856,34.914675654624645,72.24163518542551,10.92769344062618,269.3462083375847,85.17107032463302
2026-01-17 21:00:00,225.97034255412612,432.5382769373049,62.20939633247953,24.04961120330475,68.31785871989797,2.0380539800184736,290.3994190896539,217.18316729385407
2026-01-17 22:00:00,109.51638610885752,203.03843511426646,102.85874938661168,39.161469602387605,55.0526550508647,19.488485096474324,308.8883775626025,95.07780237420253
2026-01-17 23:00:00,22.492659840468622,33.14189694401047,98.62371682450585,27.35881502604169,46.984090484024456,5.296381293743766,359.14618706477637,30.755034649794016
2026-01-18 00:00:00,228.23785457643064,321.2536237902845,74.38898008364274,26.538632326761583,89.34197813855755,6.779775673089336,86.93873469247242,195.76298476956265
2026-01-18 01:00:00,40.995935660810716,61.64779922187171,105.50984085645845,22.977761006648894,59.97008916578632,6.774907732845519,14.526297669491894,55.60316384355342
2026-01-18 02:00:00,93.44213664579542,156.257300518787,32.6425331040445,26.112084309804295,72.85508296791303,5.377916580229648,148.02894647805095,78.32235203696683
2026-01-18 03:00:00,238.51425242168514,337.36670201986493,22.311158133750066,37.53301523656401,42.73041321680984,1.028002619639917,46.829041138420905,210.249124186243
2026-01-18 04:00:00,238.6396437956379,405.5249109904085,39.67245726686886,39.926686752544946,61.707433481266875,14.857551087671931,8.073320098339845,193.13894394161392
2026-01-18 05:00:00,151.8907142683558,232.01751974691908,16.279554169824635,27.366190610136968,36.514519592820605,19.370064496186423,129.753657770935,105.22661841421035
2026-01-18 06:00:00,165.32255879905384,271.39975257186734,68.42864808011352,28.97221261909085,62.80003148507475,5.2615761824158565,282.1457703870851,141.66376251896284
2026-01-18 07:00:00,123.14247005501355,190.73552250941043,113.02662615244576,34.441418764054745,88.02095739147363,13.597896644265026,203.8250488410255,112.75931262027285
2026-01-18 08:00:00,87.43847749055485,125.52428313862191,14.327789473536061,37.723915609301486,56.13136921421901,15.096030212215586,112.60007611572746,72.15406156182368
2026-01-18 09:00:00,95.59284543508068,187.24369482195647,23.432090541102948,31.860886683735682,37.144780691620134,17.12008220271997,235.5631219773791,77.27204966063337
2026-01-18 10:00:00,174.67924489771883,316.32396069594256,59.74189311117788,27.830513963556587,36.70256850056389,9.029954743258573,83.52654491117185,162.95848491310562
2026-01-18 11:00:00,193.0461417706664,253.2940165191588,112.72625192806954,28.252436816972477,56.33927179707782,6.7556872071681555,5.177320585950609,177.305418410874
2026-01-18 12:00:00,202.06318005694516,382.8641368583747,44.777171547442556,33.91236292993614,43.80137150547567,7.180607546437591,275.16721911711386,173.12545723398904
2026-01-18 13:00:00,201.61217284274738,320.5522578036396,65.79582895572317,20.064365272085574,36.284365298050226,14.539805328871743,224.54751055104327,164.732132233022
2026-01-18 14:00:00,40.97740370119878,78.49802662803498,14.57301449554313,32.39178674919681,76.59174876725973,16.518809863607085,274.4289448203456,23.66562522129563
2026-01-18 15:00:00,133.71667008159375,246.02318919594117,26.317752105829776,27.109860208827147,60.21876548850399,4.450665387375451,14.01768600755962,134.72289666316072
2026-01-18 16:00:00,33.23851480382818,51.192990055064435,118.52931352547316,35.88394662554168,50.908462458496,8.047879154997538,301.36306601903476,33.93209566928389
2026-01-18 17:00:00,146.39164293445918,178.30142668981733,116.163056607965,21.85981279646264,84.50457506590644,18.13686373823385,223.0294320130692,132.03622889048953
2026-01-18 18:00:00,121.55201531587672,171.9890379814427,10.543397902785058,31.76404533896781,41.38764281102891,16.327176874200045,202.82232625655044,94.98816933199517
2026-01-18 19:00:00,224.17196203440895,366.1417181256849,114.69929639655629,29.619457797722475,87.57553559254256,19.71230965248704,224.86105732123136,210.97219632655708
2026-01-18 20:00:00,100.7104528869781,171.89084619455608,80.30319315970505,32.84651051810455,52.2681694557544,15.330716933959534,311.19596887261105,84.30004725041398
2026-01-18 21:00:00,46.92541377834935,65.99168561185428,105.47101239720243,21.297071889659367,83.86220197697747,8.470708819530524,211.29714236120654,62.35423007868124
2026-01-18 22:00:00,52.88808687215224,69.36192516796318,60.0213841197245,31.599675748562625,68.16185820637038,12.222118845898118,209.14213675974455,65.51484591320178
2026-01-18 23:00:00,195.14744529501863,364.5245365227809,66.71556314371753,31.229691759190473,80.4689047857818,13.559270830699086,356.6444965436757,171.45419560161224
2026-01-19 00:00:00,162.19015456274005,322.35645894745403,63.77312382826122,31.213201888323418,89.12072397657553,2.490660510025355,272.4228601446845,151.7713381179117
2026-01-19 01:00:00,43.25821550824176,70.1021939671833,83.35506833007148,32.06975333192909,50.862299080031015,11.345442222973437,159.2257699624087,28.00809752910428
2026-01-19 02:00:00,39.344565406449405,52.61719600053217,25.36163802319442,33.529358744527244,87.86245169741761,14.477095740979582,254.66292001185397,37.200825834062925
2026-01-19 03:00:00,181.2229002355976,256.9461390565106,13.297094885994575,36.0997799936154,56.42150421963312,4.179104776020147,140.12296980904387,139.00608431007103
2026-01-19 04:00:00,36.73549146376451,44.623062189575265,43.872293575031,25.396414402564286,56.20315476053072,15.832002631085587,82.39516649405964,22.267198583724138
2026-01-19 05:00:00,209.02781363678193,403.7244808009864,87.51488390103114,36.50098820360124,53.72129073399781,12.091682829768121,214.86667567959338,194.4889288558709
2026-01-19 06:00:00,182.43571224599413,236.10845683503294,32.20387973352432,29.96511364526907,64.77741840411718,19.0922139282543,334.1455553210225,140.0341700814805
2026-01-19 07:00:00,38.710219547636946,64.30592692915363,84.0775676657409,21.541165582686624,43.47797737481679,1.806023665930942,334.4902272055666,53.24801620790235
2026-01-19 08:00:00,39.51267423959414,56.07813281445189,116.69032507179975,21.171018584879583,65.45413169469062,6.041196613553872,123.08590011797651,54.26316561858616
2026-01-19 09:00:00,246.92710305527035,405.7857786568694,20.329078736836024,26.684766373921214,64.79376468255022,12.429523706696656,189.96388783981018,217.28083499612916
2026-01-19 10:00:00,106.08228302390768,182.58206923243824,83.98623300476389,35.69793954222935,76.90459969326784,6.634638331912683,76.18892348515003,99.41686013393175
2026-01-19 11:00:00,105.24769382538491,196.15996163902042,58.812524123502826,34.15361869481831,80.85074790656721,14.574059117353602,358.427199419598,89.99485513920058
2026-01-19 12:00:00,206.94390046922558,282.50677905743646,105.4956479815256,35.77229929344813,59.22427426718332,15.421100367916688,353.20244683245687,168.43574112552866
2026-01-19 13:00:00,237.8671727982875,287.5330446983987,29.48647683921245,30.345381128832187,51.628328714332156,2.9478033172630145,233.82321469468104,204.3890190299117
2026-01-19 14:00:00,246.7802446792603,323.1608290402763,86.1888547448781,28.80397995910981,49.263419352440195,10.763234819928586,289.5890614838904,213.79160656419631
2026-01-19 15:00:00,193.27698260955657,371.09468904247024,102.19268186129213,22.94905053412568,45.70431101876795,10.668920556230063,257.436058062132,183.15304820038918
2026-01-19 16:00:00,106.53970467211063,202.33083823005134,113.90756414214256,26.56385507218623,38.170617020946366,8.01633463409528,213.53695885420854,116.1905835731465
2026-01-19 17:00:00,39.20516484069381,65.78354112769432,85.15728311186103,28.680387323477504,53.83463883590923,18.72557238882377,19.20527891600317,22.331156568340262
2026-01-19 18:00:00,198.74379066331045,333.97174655582404,64.689224040927,21.772008593592346,49.863623067193075,16.722620077591202,163.715163318958,179.71364938336833
2026-01-19 19:00:00,148.43297743923517,257.0902718944329,77.96319642213352,24.412239054224223,88.1529562226524,14.246978256283098,242.92306878026778,147.33922592571105
2026-01-19 20:00:00,117.57106212680455,157.58014454760124,105.579548292659,31.964505881274775,65.67398544375241,14.572206078964953,243.91138099812648,109.41716647180485
2026-01-19 21:00:00,228.46150857178927,441.2801563838125,72.76707213027126,34.713262284783795,54.10023714667791,9.772606732449264,134.32414263205808,223.01095892049227
2026-01-19 22:00:00,45.57542093041481,69.95901947266336,13.342576566652054,39.966950227858995,66.92571805465329,18.498895900834942,339.009115196891,14.607689392260912
2026-01-19 23:00:00,133.30377398689762,200.82357820463204,112.40435650576755,38.66226662687116,42.65581857401325,14.197313117812422,60.24853160524116,112.77294790653029
2026-01-20 00:00:00,22.611338296506386,36.520344981565295,85.84794261347173,32.851303990703826,59.42240620612116,14.850640171460512,180.12940063760183,17.167167722247687
2026-01-20 01:00:00,127.79194765864904,158.15183508466336,84.41647243549711,28.42496106588144,69.44288767815851,17.37212717195956,248.7182315582962,110.0471721890371
2026-01-20 02:00:00,32.949753406822595,43.92290088512196,33.724266763748886,32.72354729416465,61.88938074858483,6.207360197501629,250.96889012105132,25.18017679368026
2026-01-20 03:00:00,47.32812074165654,84.7375401776908,82.47740172559229,35.71303236160464,57.09783403598783,16.334347173467357,233.5100244367736,48.32681325417572
2026-01-20 04:00:00,47.03103675873412,59.55252986628961,53.32508462195743,22.366723818467747,89.6616613894834,4.709571456173348,99.10375684266965,64.47729278341374
2026-01-20 05:00:00,169.31836948669462,284.8818287658809,81.63562747456413,28.198097793925765,83.41731191819099,7.561497092652869,56.23436472718391,165.48852721665904
2026-01-20 06:00:00,191.59032223104737,267.5135986636127,21.72523333387898,36.79604571271234,69.2873276987692,7.3765986311270115,228.9385176576159,163.70531527665113
2026-01-20 07:00:00,154.17481597234672,233.02544288982682,82.36298350633396,27.67665903866088,66.31575486502555,19.59198389939367,215.74876181019758,119.0651268780301
2026-01-20 08:00:00,241.29968614914463,345.2889898397685,119.93550983477333,31.437445424543732,69.13632639035212,17.27420725121061,64.56816370412675,199.1363937810294
2026-01-20 09:00:00,106.22023329045193,157.68799108290685,15.303324274661163,31.755387217243964,46.07216593023383,14.322227370214936,253.8500924054028,89.98231249759223
2026-01-20 10:00:00,85.71377984482797,152.16224974602352,117.4891602643449,23.689525062672786,56.73257587953752,14.814078470692412,163.8619170241163,88.56458515665514
2026-01-20 11:00:00,219.77779948357588,315.97396485104804,54.759875679515766,27.244708833045767,37.17027430899946,11.67938309364885,240.39381297713504,180.2345520773284
2026-01-20 12:00:00,71.42704285947411,118.07773824600213,105.78287953709851,26.690225774838645,61.155032061775465,18.994722675061862,301.45214871725426,59.50064961180817
2026-01-20 13:00:00,241.5411840713406,381.8380431454555,96.06240324641008,20.523934170641297,64.86635211767148,10.428916304764869,61.10223428769234,198.24048557782942
2026-01-20 14:00:00,22.79552917865776,39.457623346435746,72.37178870853346,20.483835277827104,47.52623548567653,8.229836487527997,6.892152478861204,19.09408926232222
2026-01-20 15:00:00,243.07213014275698,473.8603164263105,91.22941301764591,36.63394087351547,88.02158659410325,4.097671401700229,280.47693110248326,252.12191952078916
2026-01-20 16:00:00,29.926779748632505,53.450954740922974,106.63671174314827,25.46141619945625,85.02000360154831,15.937907392960101,219.49107305494175,25.245895267654518
2026-01-20 17:00:00,224.96291615055634,308.63839087369263,54.455435381613626,30.36157532477631,74.71787795007482,14.954434709436237,251.8702450639638,186.20901632090317
2026-01-20 18:00:00,141.37125508984897,173.1722252608188,45.97364777195626,25.97451147177546,64.33626458209494,8.302745731958563,301.7357909959113,127.31472660001907
2026-01-20 19:00:00,248.3819031074391,350.1715976808023,83.43527241199432,38.813584902306815,82.84830378062267,1.4786748652253578,289.0119365368202,216.59757398813542
2026-01-20 20:00:00,36.97320988914174,61.96940485271142,98.86305361353844,25.185935177315475,42.18587891029046,16.940949226642203,345.9312528943769,33.77479961511986
2026-01-20 21:00:00,147.38648541230378,182.9273584218944,93.85136482542774,28.593136254778702,78.47803868511868,1.2169416856273991,192.93662838676255,149.6449033325391
2026-01-20 22:00:00,242.93958319239277,387.9971071955438,97.7595013744498,37.45460500969204,41.865144768176656,14.370295812951968,175.85842775756592,208.26971845963018
2026-01-20 23:00:00,140.31250415913422,235.37061676776148,57.91416462942263,36.838671335836175,78.6815864402173,19.434885084795084,144.67939196066283,139.56232671959467
2026-01-21 00:00:00,164.7616867711104,241.77049392048553,99.96176377925238,23.722028356925545,50.167216253824634,9.315565234815866,55.32877542391363,134.09943032383697
2026-01-21 01:00:00,180.02219846646196,327.05168595411266,23.222996090766927,36.052866195914206,83.23998195600039,5.464494694923102,206.13860383752808,174.1425126298722
2026-01-21 02:00:00,124.54444489658785,160.07431008669866,69.89380077569345,29.163737734757852,86.92231516039688,14.392549190824253,99.72450875735237,105.03175085543869
2026-01-21 03:00:00,164.33835841933458,207.08444586778793,10.633452654793373,29.659377441707104,43.18377831728136,16.525434698296117,331.67070439667117,126.08749072325129
2026-01-21 04:00:00,154.39229174231306,275.21213480378276,45.70444128902973,22.669599448318877,60.447158278596646,11.3821760054791,209.94868953975512,139.1750317511204
2026-01-21 05:00:00,227.26634241292746,362.80641020075296,50.310768835853764,21.612030275142494,88.95430579894767,19.37367022986678,213.42246498291965,183.03599913499335
2026-01-21 06:00:00,30.45266747853531,53.31415239011493,53.57899607701809,34.5587861394753,61.587408978523065,1.9817057115012608,127.77287791572361,42.920817192066124
2026-01-21 07:00:00,84.62153360621298,130.98244532470122,86.50139273588483,29.929223047105996,82.49511373829998,10.591116367786034,18.716166711974694,68.49881500160076
2026-01-21 08:00:00,238.59464133760852,333.34573340156396,52.74139113973803,28.737014052303593,67.3802337172226,14.650624999128452,11.427755534275903,200.35147861179428
2026-01-21 09:00:00,224.76067029491074,416.99439312234733,59.35629848847837,34.590164573047936,55.64314493557811,17.3901689518344,152.4006518951511,194.90074436570507
2026-01-21 10:00:00,124.80105314071398,229.57561864304728,36.12985439617602,35.3102579798222,50.718095553922865,4.405856626248011,30.443536115005628,121.5192046687918
2026-01-21 11:00:00,162.63049749435345,285.53966312332574,51.05769707922741,23.17816335338707,46.1772700097348,16.200066153509947,218.46490399445008,143.58469522595843
2026-01-21 12:00:00,83.79767208566051,118.8013096782354,34.99965899894666,32.20450298955282,76.89890052577334,11.50143443865236,317.1502820302767,74.64866534107043
2026-01-21 13:00:00,63.2678667364651,105.79554822395679,18.0515516145288,22.70708164555371,56.259727875266535,8.534519957809302,317.84933394674,55.909562498061476
2026-01-21 14:00:00,126.65063313619589,188.55481783791055,76.37934527195156,35.027501720580915,63.120150421041316,3.5025855430027777,237.25634764760366,114.62276468813187
2026-01-21 15:00:00,101.27101244599214,128.94490236534364,83.50340784105178,33.13910312534279,62.077901400065,17.440619419269336,76.04345933025516,76.51023334758804
2026-01-21 16:00:00,154.24090572570057,298.2789082418624,78.1439380610576,39.13229242166916,66.75034660782222,3.988190955414592,310.67885928919395,162.49224822598194
2026-01-21 17:00:00,37.87896650194651,49.60079847227303,60.98434481806296,21.379160327128425,82.60674300935037,6.885969324972885,318.99363671275495,55.33960727273036
2026-01-21 18:00:00,244.11080576321828,478.5035318018655,51.77643581971528,21.141094423025088,88.94066389708863,6.510865107286301,70.79529058306514,227.48209090059635
2026-01-21 19:00:00,246.82847123030865,384.26370395565385,104.96670145290078,25.643741493864002,57.41713147155993,17.55686664962623,265.4733908774438,210.20750771152296
